,BIMS ID,type,concentration,stage,gender,age
1,8772210,1,50.1,IA,M,64
2,8396836,1,57.6,IA,M,65
3,8044026,1,61,IA,M,76
4,8794018,1,51.8,IA,M,51
5,8030792,1,53.6,IA,M,73
6,8699319,1,77.4,IIA,F,49
7,8746420,1,76.4,IA,M,75
8,8210219,1,79.4,IA,M,73
9,8402302,1,84,IA,M,67
10,8037558,1,95.8,IIIB,M,86
11,8152768,1,69.7,IB,F,43
12,8269581,1,48.2,IA,F,71
13,8729606,1,78.4,IA,M,51
14,8798298,1,81.8,IB,F,53
15,8314141,1,89.4,IIIA,M,60
16,8526886,1,92.6,IIIA,M,49
17,8683217,1,51.4,IA,M,71
18,8686224,1,43,IIB,M,57
19,8623114,1,46.2,IA,M,72
20,8770567,1,73.6,IIB,M,53
21,8189413,1,64.8,IA,M,77
22,8485245,1,89.2,IIB,F,32
23,8370548,1,94.6,IIIB,M,64
24,8191097,1,103.6,IA,F,83
25,8307020,1,49,IA,M,66
26,8150512,1,87.4,IA,F,84
27,8326377,1,71.8,IIIB,F,73
28,8495351,1,76,IA,M,65
29,8736771,1,81.4,IA,F,67
30,8104947,1,95.8,IA,M,57
31,8019848,1,106.4,IA,M,60
32,8331537,1,109.2,IA,M,73
33,8731826,1,44.2,IIIC,F,79
34,8611689,1,81,IA,M,70
35,8091249,1,87.2,IIIB,F,57
36,8680294,1,73.6,IA,M,59
37,8329647,1,107.8,IA,F,61
38,8500719,1,103.4,IB,M,78
39,8450907,1,110.8,IIIC,M,78
40,8355740,1,120,IIB,M,49
41,8096713,1,124.4,IIIB,M,68
42,8724188,1,60.8,IA,M,66
43,8396546,1,88.6,IA,F,47
44,8399985,1,85.4,IA,F,60
45,8623170,1,89.4,IA,M,61
46,8636935,1,89.8,IA,M,60
47,8594436,1,75.4,IA,M,67
48,8159377,1,73.6,IIIC,F,83
49,8345761,1,97,IB,F,82
50,8212433,1,68.2,IV,F,78
51,8330990,1,70.2,IA,M,68
52,8037858,1,58.6,IA,M,42
53,8610155,1,0,IA,F,74
54,8050426,1,52,IIA,M,61
55,8601384,1,0,IA,F,68
56,8035457,1,95.2,IIB,M,54
57,8144612,1,120.4,IA,F,66
58,8139770,1,49.8,IA,M,61
59,8411432,1,49.2,IIIA,F,74
60,8077802,1,0,IIIB,M,76
61,8060891,1,16,IIB,M,66
62,8673127,1,75,IA,M,62
63,8395873,1,63.4,IA,M,60
64,8199966,1,107.8,IIIA,M,65
65,8167154,1,73.2,IA,F,58
66,8222085,1,55.4,IA,M,72
67,8553770,1,0,IIIC,M,62
68,8606031,1,61,IIA,M,68
69,8518688,1,14.8,IA,M,66
70,8607981,1,65,IIB,F,52
71,8631105,1,51.6,IIIC,M,77
72,8678839,1,74,IA,M,66
73,8495076,1,9.6,IA,F,74
74,8226981,1,37.8,IA,F,66
75,8590374,1,45.8,IIB,M,54
76,8568131,1,16.2,IIB,M,62
77,8222622,1,25,IA,F,84
78,8180643,1,23.8,IIIC,M,64
79,8087996,1,0,IA,M,74
80,8327005,1,42,IIIA,M,65
81,8531859,1,66.6,IA,F,77
82,8539486,1,70.8,IA,F,68
83,8409600,1,49.8,IIIC,M,63
84,8648959,1,53.2,IA,M,76
85,8456136,1,51,IB,M,78
86,8078932,1,51.4,IA,F,57
87,8613064,1,39.8,IA,M,66
88,8406215,1,56,IIA,M,71
89,8197941,1,115,IA,F,40
90,8501766,1,82.4,IA,M,73
91,8657221,1,40.6,IA,M,72
92,8489172,1,0,IB,F,55
93,8236652,1,69.2,IIIB,M,73
94,8179641,1,45.4,IIA,M,72
95,8114734,1,44,IIA,F,31
96,8568174,1,71.4,IIIB,M,74
97,8015586,1,87,IA,F,34
98,8092414,1,44.4,IA,F,68
99,8336260,1,52.8,IA,M,78
100,8188602,1,44,IA,M,55
101,SIGMA,0,57.2,,,
102,D1047-09,0,60,,,
103,D1045-26,0,75.2,,,
104,D1045-44,0,18,,,
105,D1045-48,0,67.6,,,
106,D1045-53,0,0,,,
107,D1045-58,0,65.4,,,
108,D1045-63,0,0,,,
109,D1045-68,0,0,,,
110,D1045-69,0,73,,,
111,D1045-73,0,24.6,,,
112,D1045-74,0,0,,,
113,D1045-78,0,61.8,,,
114,D1045-83,0,0,,,
115,D1045-88,0,19.4,,,
116,D1045-93,0,89.8,,,
117,D1045-98,0,19.2,,,
118,D1046-03,0,63,,,
119,D1046-08,0,58.6,,,
120,D1046-13,0,46.6,,,
121,D1046-19,0,49.2,,,
122,D1046-23,0,63.6,,,
123,D1046-39,0,59.2,,,
124,D1046-49,0,46,,,
125,D1046-54,0,53,,,
126,D1046-59,0,50.4,,,
127,D1046-64,0,60,,,
128,D1046-79,0,47,,,
129,D1046-84,0,48,,,
130,D1046-89,0,61.6,,,
131,D1046-94,0,57.6,,,
132,D1046-99,0,51.2,,,
133,D1047-04,0,39.4,,,
134,D1047-14,0,51.4,,,
135,D1047-19,0,49.4,,,
